id,title,is_redirect,is_new,pagerank
27488916,Jessica_Caban,False,False,1.4639463043126955
27005455,Bruno_Mars,False,False,1.0934166550345497
26592001,Model_Latina,False,False,0.9600238690094873
37825120,When_I_Was_Your_Man,False,False,0.931929483085162
8721827,Caban,False,False,0.8502278961860352
11513656,Jessica_(given_name),False,False,0.8502278961860352
160788,1982_in_music,False,False,0.8502278961860352
